{"cameraMode":{"drawMode":0,"name":"Shaded","section":"Shading Mode"},"sceneLighting":true,"audioPlay":false,"sceneViewState":{"m_AlwaysRefresh":false,"showFog":true,"showSkybox":true,"showFlares":true,"showImageEffects":true,"showParticleSystems":true,"showVisualEffectGraphs":true,"m_FxEnabled":true},"in2DMode":false,"pivot":{"x":3.9748051166534426,"y":-67.32683563232422,"z":55.002498626708987},"rotation":{"x":0.5539726614952087,"y":-0.08308951556682587,"z":0.055701833218336108,"w":0.8266364932060242},"size":60.532527923583987,"orthographic":false}